Country,Year,GDP,Urban_population,Industry,Business,Mining,Manufacturing,Electricity_supply,Water_supply,Construction,Retail trade,Transportation,Accommodation,Information,Financial,Real estate,Professional_scientific,Administrative,Public_administration,Education,Human_health,Arts,Other,UrbanizationCategory,kmeans_cluster,hierarchy_cluster
Austria,2010,35390,57.4,24.0,25.2,18.3,24.4,23.6,12.2,9.9,27.5,7.3,9.9,21.2,30.3,27.0,34.0,22.5,9.401162790697674,27.8,12.0,34.0,32.0,0,2,0
Austria,2011,36300,57.12,23.5,24.7,9.52937293729373,19.256603773584903,11.511960132890366,2.2112179487179486,-0.6875000000000002,20.663091482649843,4.344654088050314,10.887301587301588,19.22095238095238,27.93836477987421,13.261736334405144,19.126100628930818,8.116190476190477,9.401162790697674,11.268888888888888,18.499056603773585,17.4951768488746,17.11150159744409,0,2,0
Austria,2012,36390,57.15,22.9,24.3,9.52937293729373,19.256603773584903,11.511960132890366,2.2112179487179486,-0.6875000000000002,20.663091482649843,4.344654088050314,10.887301587301588,19.22095238095238,27.93836477987421,13.261736334405144,19.126100628930818,8.116190476190477,9.401162790697674,11.268888888888888,18.499056603773585,17.4951768488746,17.11150159744409,0,2,0
Austria,2013,36180,57.34,22.3,23.8,9.52937293729373,19.256603773584903,11.511960132890366,2.2112179487179486,-0.6875000000000002,20.663091482649843,4.344654088050314,10.887301587301588,19.22095238095238,27.93836477987421,13.261736334405144,19.126100628930818,8.116190476190477,9.401162790697674,11.268888888888888,18.499056603773585,17.4951768488746,17.11150159744409,0,2,0
Austria,2014,36130,57.53,22.2,23.8,15.9,23.0,19.8,10.0,8.2,23.4,10.6,7.4,22.9,30.4,27.8,31.5,19.5,9.401162790697674,24.3,12.8,26.6,28.8,0,2,0
Austria,2015,36140,57.72,21.8,23.4,13.7,22.7,17.6,9.3,8.2,23.3,11.6,6.4,22.4,30.3,28.0,31.3,20.0,9.401162790697674,24.2,12.9,26.2,28.3,0,2,0
Austria,2016,36390,57.91,20.8,22.3,14.4,21.9,13.2,8.2,8.3,23.3,14.5,5.9,20.9,27.1,28.7,30.4,17.8,9.401162790697674,24.3,14.5,20.8,27.8,0,2,0
Austria,2017,36980,58.09,20.7,22.3,10.9,21.7,13.0,8.4,8.3,23.2,12.4,5.7,20.6,28.4,29.0,29.4,17.4,9.401162790697674,23.7,15.0,19.1,26.9,0,2,0
Austria,2018,37690,58.3,20.4,22.0,7.9,21.4,14.4,8.1,8.3,23.2,11.7,5.4,20.7,28.2,29.2,28.3,17.1,9.401162790697674,23.6,15.3,18.3,26.4,0,2,0
Austria,2019,38090,58.52,19.9,21.6,8.0,20.9,13.6,8.3,8.2,22.7,11.9,4.9,20.3,28.0,28.4,27.5,16.8,9.401162790697674,23.4,14.9,17.4,25.7,0,2,0
Austria,2020,35480,58.75,18.9,20.7,6.1,20.1,12.9,7.7,8.0,21.8,12.1,5.0,20.1,27.2,27.7,26.2,17.1,9.401162790697674,23.1,14.5,17.3,24.8,0,2,0
Austria,2021,36950,59.0,18.8,20.7,6.9,20.2,12.5,7.2,7.8,21.9,10.9,4.5,19.7,27.2,27.0,25.8,16.9,9.401162790697674,22.6,13.6,15.8,24.5,0,2,0
Belgium,2010,33330,97.65,10.2,15.1,-13.4,11.5,29.6,-0.5,-1.6,17.1,4.1,8.7,15.2,22.1,17.8,19.4,17.6,9.401162790697674,3.4,9.3,8.9,20.2,2,2,0
Belgium,2011,33460,97.7,9.4,14.1,-10.4,10.1,27.7,-1.0,-2.8,15.6,4.5,7.9,14.4,21.6,14.2,18.3,15.4,9.401162790697674,3.3,6.8,6.9,20.7,2,2,0
Belgium,2012,33490,97.74,8.3,13.0,-7.1,8.9,26.0,-1.2,-4.0,14.6,4.9,7.0,13.5,21.2,10.8,17.3,13.4,9.401162790697674,3.3,4.5,5.1,21.3,2,2,0
Belgium,2013,33490,97.79,7.5,12.1,-4.1,7.6,24.2,-1.6,-5.3,13.3,5.3,6.2,12.7,20.8,7.2,16.3,11.3,9.401162790697674,3.1,1.9,3.4,21.8,2,2,0
Belgium,2014,33870,97.83,6.6,11.0,-1.0,6.4,22.4,-2.0,-6.6,12.1,5.6,5.4,11.8,20.2,3.6,15.3,9.2,9.401162790697674,2.9,-0.5,1.4,22.4,2,2,0
Belgium,2015,34360,97.88,6.4,10.8,-1.5,7.4,18.5,1.6,-3.1,11.6,5.3,4.9,11.8,17.0,5.3,12.9,9.0,9.401162790697674,3.7,0.3,1.1,17.9,2,2,0
Belgium,2016,34620,97.92,6.0,10.4,-2.1,8.6,14.1,5.0,0.4,11.1,4.7,4.4,11.6,13.5,6.9,10.4,8.8,9.401162790697674,4.2,1.1,1.0,13.5,2,2,0
Belgium,2017,35050,97.96,5.8,10.2,-2.6,9.6,10.0,8.4,3.8,10.6,4.1,3.7,11.4,10.2,8.5,8.0,8.6,9.401162790697674,4.7,1.7,0.8,8.9,2,2,0
Belgium,2018,35510,98.0,5.8,10.1,-3.1,10.7,6.1,11.8,7.7,10.2,3.6,3.3,11.2,6.9,10.1,5.5,8.6,9.401162790697674,5.1,2.6,0.7,4.4,2,2,0
Belgium,2019,36110,98.04,5.8,9.9,-3.3,10.4,5.9,11.8,7.2,10.0,3.4,3.1,11.0,6.6,9.9,5.2,8.4,9.401162790697674,5.0,2.3,0.5,4.0,2,2,0
Belgium,2020,34010,98.08,5.3,9.5,-3.5,10.2,5.7,11.6,6.8,9.9,3.1,2.8,10.8,6.4,9.6,5.0,8.1,9.401162790697674,5.0,2.3,0.4,3.8,2,2,0
Belgium,2021,35950,98.12,5.0,9.2,-4.1,9.5,6.1,11.2,6.8,9.5,2.4,2.6,11.2,7.0,9.1,4.8,8.0,9.401162790697674,4.9,2.1,-0.2,3.3,2,2,0
Bulgaria,2010,5080,72.3,13.0,14.1,15.9,24.1,15.7,8.2,-4.6,11.8,16.3,9.6,13.8,24.5,-0.2,8.4,-7.5,12.5,13.2,27.2,18.3,-0.8,1,2,1
Bulgaria,2011,5320,72.64,13.2,13.7,16.4,25.2,20.8,6.3,-8.0,9.6,14.5,11.5,9.4,20.8,-0.3,6.4,-15.7,9.5,11.3,25.3,18.5,5.2,1,2,1
Bulgaria,2012,5390,72.98,15.1,15.1,21.2,26.4,15.3,9.5,-6.0,12.3,12.3,13.2,14.5,25.5,8.8,12.6,-14.9,9.2,13.9,29.2,18.9,-0.9,1,2,1
Bulgaria,2013,5390,73.31,14.1,14.8,17.1,26.8,13.0,13.0,-8.4,11.9,8.2,8.5,17.7,24.9,10.5,14.0,-14.5,3.7,12.4,28.5,16.1,-1.9,1,2,1
Bulgaria,2014,5470,73.65,14.2,14.3,16.8,25.0,14.0,15.8,-8.2,14.0,4.5,11.7,17.9,23.1,10.8,13.1,-27.9,5.2,15.6,29.2,13.2,3.5,1,2,1
Bulgaria,2015,5700,73.99,15.5,14.9,17.7,25.6,8.1,17.2,-10.5,15.5,6.6,10.7,19.4,22.7,4.0,11.1,-28.5,7.0,17.1,32.4,12.6,4.1,1,2,1
Bulgaria,2016,5910,74.33,14.6,13.7,15.0,23.6,11.2,14.2,-12.6,13.9,8.3,9.2,19.5,22.3,3.4,4.8,-27.9,6.3,14.6,31.6,17.8,-3.2,1,2,1
Bulgaria,2017,6120,74.67,14.3,13.6,14.5,22.9,12.9,9.9,-13.3,12.9,10.3,8.5,21.7,24.2,-2.4,8.6,-29.2,8.8,13.1,30.1,20.2,-2.9,1,2,1
Bulgaria,2018,6330,75.01,13.9,13.1,12.2,22.4,11.4,7.8,-14.5,12.6,10.1,6.8,21.7,25.9,-11.1,12.1,-33.2,8.3,12.0,29.9,23.5,-7.3,1,2,1
Bulgaria,2019,6630,75.35,14.1,14.0,13.9,22.7,8.2,5.6,-11.5,12.8,11.0,7.8,22.4,29.5,-7.5,16.5,-29.8,8.4,9.3,29.5,24.7,-2.3,1,2,1
Bulgaria,2020,6410,75.69,12.7,13.2,12.9,22.6,6.1,8.5,-15.5,11.8,10.1,4.8,22.5,32.5,-10.2,9.0,-26.3,10.2,9.1,27.1,23.1,0.0,1,2,1
Bulgaria,2021,6950,76.03,12.2,14.5,13.6,22.2,7.7,8.0,-14.2,14.1,8.7,7.8,22.1,33.5,-7.2,15.4,-22.1,11.3,9.1,26.4,22.2,-1.9,1,2,1
Croatia,2010,10650,55.16,5.7,16.6103125,-4.1,18.4,11.7,5.5,-21.8,12.6,12.5,12.1,16.6,7.0,18.3,5.4,10.1,9.0,19.1,24.3,15.2,17.8,0,2,1
Croatia,2011,10680,55.32,13.861993769470404,16.6103125,9.52937293729373,19.256603773584903,11.511960132890366,2.2112179487179486,-0.6875000000000002,20.663091482649843,4.344654088050314,10.887301587301588,19.22095238095238,27.93836477987421,13.261736334405144,19.126100628930818,8.116190476190477,9.401162790697674,11.268888888888888,18.499056603773585,17.4951768488746,17.11150159744409,0,2,1
Croatia,2012,10460,55.51,13.861993769470404,16.6103125,9.52937293729373,19.256603773584903,11.511960132890366,2.2112179487179486,-0.6875000000000002,20.663091482649843,4.344654088050314,10.887301587301588,19.22095238095238,27.93836477987421,13.261736334405144,19.126100628930818,8.116190476190477,9.401162790697674,11.268888888888888,18.499056603773585,17.4951768488746,17.11150159744409,0,2,1
Croatia,2013,10450,55.71,7.7,9.4,0.9,18.3,3.0,0.9,-28.3,20.1,9.5,12.6,19.6,12.1,13.0,16.1,-7.6,20.8,11.5,20.3,14.1,24.8,0,2,1
Croatia,2014,10460,55.92,8.7,10.0,-2.5,19.2,-0.2,0.2,-24.5,21.3,6.5,9.4,11.7,21.0,11.6,6.7,-10.8,14.9,12.9,19.5,9.4,21.9,0,2,1
Croatia,2015,10790,56.16,13.861993769470404,16.6103125,9.52937293729373,19.256603773584903,11.511960132890366,2.2112179487179486,-0.6875000000000002,20.663091482649843,4.344654088050314,10.887301587301588,19.22095238095238,27.93836477987421,13.261736334405144,19.126100628930818,8.116190476190477,9.401162790697674,11.268888888888888,18.499056603773585,17.4951768488746,17.11150159744409,0,2,1
Croatia,2016,11270,56.4,11.6,11.1,3.8,20.6,1.1,-2.6,-13.9,16.4,0.3,13.3,11.5,4.9,8.2,16.3,-14.0,11.5,15.3,14.3,14.4,22.0,0,2,1
Croatia,2017,11770,56.67,12.3,12.5,0.8,20.8,-0.5,-4.4,-19.2,20.7,2.1,13.6,12.7,24.9,4.9,15.3,3.5,10.2,16.1,19.6,15.4,27.9,0,2,1
Croatia,2018,12220,56.95,11.4,12.8,4.0,21.1,-0.6,-4.6,-19.7,19.1,0.2,12.6,12.1,24.7,2.0,16.1,5.9,9.2,14.8,16.9,15.6,31.8,0,2,1
Croatia,2019,12710,57.24,11.5,13.0,4.5,21.6,0.7,-3.5,-17.6,19.5,1.0,12.4,12.6,24.8,2.2,16.6,7.7,9.3,14.9,17.9,15.5,32.4,0,2,1
Croatia,2020,11680,57.55,11.2,12.8,4.9,21.5,1.0,-3.3,-17.2,19.2,1.1,12.4,12.7,24.7,2.2,16.6,7.5,10.2,15.0,17.9,15.5,32.3,0,2,1
Croatia,2021,13500,57.88,11.1,12.6,5.0,23.6,0.6,-2.1,-15.7,18.8,1.3,14.6,13.4,23.5,1.7,15.0,7.3,11.7,15.0,17.6,16.3,33.0,0,2,1
Cyprus,2010,23460,67.55,16.8,26.1,15.5,33.4,19.3,-6.3,16.4,31.2,36.8,22.1,24.7,27.3,15.6,33.6,19.7,16.0,11.4,37.6,37.1,48.1,0,2,1
Cyprus,2011,22970,67.41,16.1,24.9,16.6,32.5,17.2,-6.5,14.7,30.5,34.2,20.3,21.1,26.1,14.2,34.1,16.5,16.2,10.3,36.4,45.6,45.9,0,2,1
Cyprus,2012,21840,67.26,15.6,24.3,17.4,30.4,12.8,-5.9,10.0,28.7,32.6,18.8,24.1,25.4,13.7,35.4,14.5,14.5,8.9,24.9,52.4,41.3,0,2,1
Cyprus,2013,20450,67.14,14.9,23.4,26.7,29.5,7.4,-6.9,8.7,25.4,32.0,17.8,20.1,24.6,11.4,36.2,10.8,14.1,7.3,20.1,60.3,38.0,0,2,1
Cyprus,2014,20310,67.03,14.2,22.4,22.7,28.4,3.4,-6.4,8.8,23.6,31.0,16.3,14.9,24.4,10.6,35.4,8.7,13.6,7.0,14.0,68.4,32.2,0,2,1
Cyprus,2015,21120,66.95,13.2,21.0,35.6,28.3,2.4,-7.7,7.2,24.9,26.4,16.5,13.7,23.6,-4.6,34.2,9.2,14.1,10.0,13.9,58.4,32.1,0,2,1
Cyprus,2016,22410,66.88,12.3,19.9,29.3,27.2,1.7,-8.6,4.7,26.0,23.7,16.7,14.2,22.1,-19.6,32.7,6.5,14.4,13.2,15.0,53.0,30.9,0,2,1
Cyprus,2017,23470,66.84,11.2,18.9,34.3,26.6,1.2,-8.8,2.6,27.0,19.4,17.0,14.8,21.2,-34.4,31.0,5.8,11.8,16.4,16.0,47.3,30.7,0,2,1
Cyprus,2018,24500,66.81,10.4,17.9,42.2,25.7,1.0,-8.9,-0.9,28.0,16.3,17.6,15.7,19.5,-47.9,29.7,3.8,13.9,19.1,17.3,36.4,30.4,0,2,1
Cyprus,2019,25500,66.81,10.1,17.5,43.7,24.4,0.0,-16.7,-1.0,27.7,14.9,17.3,15.8,20.2,-36.8,28.7,4.3,15.2,19.0,18.2,36.8,28.2,0,2,1
Cyprus,2020,24110,66.82,9.9,17.2,43.4,23.6,-0.4,-17.5,-1.1,27.7,14.4,16.9,15.8,20.2,-31.9,28.5,4.6,14.4,18.3,19.0,40.5,28.0,0,2,1
Cyprus,2021,25480,66.86,9.7,16.8,34.3,22.8,-0.4,-18.3,-0.9,27.8,14.0,16.6,15.9,20.1,-41.2,28.8,5.0,14.0,18.2,19.5,39.4,27.8,0,2,1
Czech Republic,2010,15020,73.26,21.6,16.1,22.6,28.1,18.4,-1.2,6.1,28.4,3.5,8.3,33.0,42.1,21.8,27.2,7.6,16.3,21.7,25.6,14.6,19.2,1,2,1
Czech Republic,2011,15310,73.19,22.6,16.1,22.8,27.8,16.0,2.1,8.5,27.9,1.8,6.9,31.4,44.3,20.7,25.6,9.1,14.2,24.3,27.7,11.7,12.7,1,2,1
Czech Republic,2012,15170,73.2,22.5,15.5,21.2,27.5,17.9,2.6,9.0,26.0,-0.3,5.9,31.6,45.1,12.0,27.7,7.9,13.8,24.6,29.8,13.5,25.4,1,2,1
Czech Republic,2013,15160,73.29,22.3,15.9,21.3,27.4,17.8,0.8,10.5,25.8,0.0,5.8,31.6,40.9,15.8,26.3,7.8,12.3,25.5,29.9,12.9,26.1,1,2,1
Czech Republic,2014,15480,73.38,22.5,16.5,16.9,27.6,18.1,1.1,9.7,26.7,0.5,5.1,31.9,41.4,14.2,27.8,6.6,12.6,25.9,27.2,13.7,30.7,1,2,1
Czech Republic,2015,16290,73.48,22.5,16.1,16.3,27.3,16.1,4.0,9.9,27.7,1.6,7.6,32.5,40.9,10.5,24.8,6.7,13.2,25.3,27.8,14.2,32.2,1,2,1
Czech Republic,2016,16670,73.57,21.5,15.9,14.5,25.1,14.6,4.5,12.4,25.4,2.9,5.6,32.8,40.4,12.0,25.7,7.2,13.2,24.7,26.8,13.4,29.3,1,2,1
Czech Republic,2017,17490,73.68,21.1,16.4,16.4,25.1,16.9,7.3,11.6,24.6,3.7,8.3,32.8,39.5,15.0,24.0,9.6,14.1,24.4,25.7,13.0,23.5,1,2,1
Czech Republic,2018,17990,73.79,20.1,15.0,14.6,24.0,17.2,9.7,11.2,22.9,5.3,7.1,31.6,39.0,12.2,25.0,9.5,15.7,23.5,25.6,11.7,20.3,1,2,1
Czech Republic,2019,18460,73.92,19.2,15.0,16.5,24.7,17.4,4.5,9.3,23.1,3.6,9.8,30.9,38.2,9.5,24.7,10.6,15.5,22.1,20.9,13.2,14.8,1,2,1
Czech Republic,2020,17400,74.06,16.4,12.8,14.1,23.4,17.7,3.6,9.4,20.3,3.0,6.4,30.4,38.9,10.3,20.6,14.1,15.0,19.1,21.3,12.1,14.7,1,2,1
Czech Republic,2021,18020,74.21,15.0,12.4,12.7,23.1,17.2,3.8,7.6,21.4,4.6,5.5,28.9,37.5,9.0,21.3,12.3,15.2,18.4,20.6,13.0,12.8,1,2,1
Denmark,2010,43840,86.8,17.1,17.9,18.6,13.9,21.8,13.8,13.0,21.5,13.8,6.7,20.3,23.0,11.3,24.4,3.5,11.7,10.3,13.0,8.2,14.5,2,2,0
Denmark,2011,44240,86.96,16.4,18.3,14.3,13.2,18.9,9.1,9.8,22.3,12.2,8.1,18.9,22.3,10.2,23.9,7.0,9.5,8.6,10.4,9.8,16.2,2,2,0
Denmark,2012,44170,87.14,16.8,17.5,12.8,13.6,21.3,6.4,12.4,19.9,11.7,5.6,19.5,21.3,9.6,23.4,7.0,9.4,8.2,10.7,8.9,13.2,2,2,0
Denmark,2013,44410,87.29,16.5,17.1,14.3,12.8,21.3,4.3,10.9,20.8,11.0,5.2,17.8,21.4,7.9,22.8,4.2,10.0,8.4,9.9,10.2,12.4,2,2,0
Denmark,2014,44890,87.41,16.0,16.4,17.7,12.5,22.3,6.6,10.0,19.4,10.9,4.7,18.1,20.6,9.7,21.6,1.7,11.0,7.1,10.1,11.1,11.3,2,2,0
Denmark,2015,45630,87.53,15.1,15.4,17.2,11.0,20.0,3.8,10.7,18.6,10.5,3.8,17.3,20.0,9.5,20.6,3.0,7.9,5.8,9.2,9.1,9.9,2,2,0
Denmark,2016,46720,87.64,15.1,16.1,20.6,10.8,19.0,1.9,9.7,19.1,10.7,5.6,17.3,19.5,10.8,20.3,2.2,7.7,5.3,9.1,9.5,11.8,2,2,0
Denmark,2017,47740,87.76,14.8,15.3,21.1,10.1,19.3,3.2,10.4,18.0,8.8,5.7,17.3,18.9,9.8,19.9,1.0,7.8,5.5,10.1,9.5,10.3,2,2,0
Denmark,2018,48450,87.87,14.6,14.4,17.4,10.1,18.8,3.9,9.2,17.8,7.6,5.4,16.9,18.2,7.9,19.4,-0.5,9.3,5.7,10.8,10.0,11.2,2,2,0
Denmark,2019,48970,87.99,14.0,14.3,17.7,10.2,16.0,4.8,7.0,16.5,7.1,4.4,15.6,17.4,9.0,18.6,1.5,7.1,5.7,9.1,9.5,9.0,2,2,0
Denmark,2020,47890,88.12,13.9,14.1,17.2,9.8,14.9,2.6,7.5,16.4,9.2,4.6,15.8,18.1,10.4,18.0,1.2,5.7,5.8,8.6,9.5,8.7,2,2,0
Denmark,2021,50010,88.24,14.2,14.0,13.0,8.5,15.5,2.6,9.5,16.7,9.8,4.8,16.1,16.4,8.6,17.1,-0.5,6.1,5.6,8.0,9.6,8.7,2,2,0
Estonia,2010,11060,68.09,27.7,28.5,36.0,31.6,21.9,18.5,19.3,37.0,14.7,23.7,29.5,43.9,22.8,18.7,16.0,10.6,23.8,34.8,22.7,30.7,0,2,1
Estonia,2011,11890,67.97,27.3,27.3,34.0,31.5,20.2,15.1,19.1,37.6,11.6,20.6,23.8,41.1,28.4,23.8,9.1,9.8,25.5,32.1,19.9,14.2,0,2,1
Estonia,2012,12320,67.97,29.9,29.7,37.0,33.3,21.4,11.0,22.3,38.5,8.6,24.6,30.6,44.9,19.5,20.5,22.0,8.8,25.9,32.2,28.4,12.1,0,2,1
Estonia,2013,12540,68.12,29.8,30.2,38.3,33.6,22.4,12.4,23.5,38.0,9.7,25.0,30.1,45.0,17.8,21.6,24.2,8.4,26.0,33.8,28.6,18.5,0,2,1
Estonia,2014,12960,68.27,28.1,29.0,24.7,30.4,17.3,13.6,17.8,37.5,14.6,20.9,27.5,42.3,28.6,20.2,26.0,8.4,22.3,32.6,20.1,22.7,0,2,1
Estonia,2015,13230,68.42,26.7,27.0,32.7,30.4,17.8,12.0,19.8,37.3,4.9,14.3,25.5,35.4,14.7,25.2,11.5,6.2,21.2,28.9,19.2,7.8,0,2,1
Estonia,2016,13620,68.56,24.8,25.7,36.8,30.1,15.3,11.2,16.3,32.0,2.5,20.8,26.4,34.8,15.0,21.9,20.5,8.2,18.6,27.1,18.8,-2.1,0,2,1
Estonia,2017,14410,68.72,24.9,26.4,30.9,29.1,14.7,7.2,17.3,30.5,9.2,17.0,25.8,40.2,12.7,28.0,13.2,11.3,15.2,28.9,17.9,-5.2,0,2,1
Estonia,2018,14920,68.88,21.8,24.3,29.6,28.2,14.0,7.0,13.6,31.9,6.6,13.4,25.4,33.9,16.5,16.7,16.3,7.2,15.9,29.5,19.9,11.9,0,2,1
Estonia,2019,15410,69.05,21.7,23.2,27.3,25.2,16.6,7.7,13.0,32.7,2.0,11.2,25.5,29.1,14.3,11.6,18.7,8.2,17.5,24.5,19.8,19.0,0,2,1
Estonia,2020,15280,69.23,21.1,23.0,26.7,22.8,11.5,7.9,8.7,30.5,-0.7,12.0,26.2,31.1,9.6,14.3,18.8,5.2,17.3,26.9,17.3,11.9,0,2,1
Estonia,2021,16490,69.42,20.5,22.3,16.4,23.4,9.8,10.1,15.7,31.8,0.9,6.6,23.3,31.0,17.6,15.4,18.9,7.1,17.5,25.1,16.1,12.5,0,2,1
Finland,2010,35080,83.77,20.3,19.4,16.3,14.4,20.4,7.0,7.6,22.7,14.9,12.6,15.7,36.4,19.2,18.9,15.8,18.3,15.8,29.6,10.8,20.4,2,2,0
Finland,2011,35810,84.31,19.1,18.1,7.4,13.1,17.1,7.4,7.3,22.5,10.9,11.9,14.9,35.3,19.8,17.6,14.2,15.5,16.3,28.7,10.4,20.8,2,2,0
Finland,2012,35140,84.84,19.2,18.3,10.6,12.8,15.2,7.7,6.0,23.0,10.8,11.1,13.5,35.3,19.6,16.9,13.9,16.1,15.8,27.7,8.0,20.5,2,2,0
Finland,2013,34660,85.13,18.8,18.0,5.4,12.1,15.6,6.9,5.7,22.5,10.4,11.3,13.2,35.0,18.3,16.8,13.3,15.9,15.7,26.6,11.1,19.9,2,2,0
Finland,2014,34390,85.18,18.4,17.6,5.2,11.4,15.8,4.2,5.6,20.0,9.3,10.3,12.6,34.2,18.4,16.7,11.4,17.0,15.3,25.8,9.2,18.6,2,2,0
Finland,2015,34460,85.23,17.5,17.0,13.8,10.1,15.2,3.4,3.2,20.8,8.4,9.6,13.3,32.6,20.3,15.0,12.9,16.5,15.1,25.5,9.9,17.7,2,2,0
Finland,2016,35330,85.28,17.5,17.3,15.8,9.9,17.1,1.4,3.5,21.3,9.0,8.8,12.7,32.0,17.6,15.8,12.5,14.9,13.0,23.2,9.2,16.6,2,2,0
Finland,2017,36380,85.33,17.1,16.2,18.3,9.1,17.4,3.8,3.5,20.1,8.1,9.3,13.0,30.9,18.6,14.9,12.1,14.8,12.5,22.1,9.9,15.8,2,2,0
Finland,2018,36740,85.38,16.9,16.1,14.0,8.2,17.8,2.5,3.2,20.4,7.7,10.1,12.8,30.4,17.6,14.5,12.2,13.8,12.1,20.8,10.7,16.9,2,2,0
Finland,2019,37150,85.45,16.6,15.9,9.6,8.5,18.0,2.8,1.5,19.0,7.1,10.0,13.2,28.2,17.2,15.0,11.5,14.0,11.8,20.2,11.4,15.5,2,2,0
Finland,2020,36220,85.52,16.7,16.5,12.7,9.1,17.3,5.1,1.4,19.0,6.5,10.8,12.0,27.3,17.3,14.9,12.4,13.5,11.5,19.7,11.0,14.3,2,2,0
Finland,2021,37250,85.6,16.5,15.9,13.0,9.5,17.2,3.2,3.3,19.1,6.7,9.7,11.4,26.4,18.7,14.9,10.7,13.2,12.1,19.6,10.2,15.1,2,2,0
France,2010,30690,78.37,15.6,15.6,13.5,16.2,11.2,-11.5,-9.1,22.0,2.3,10.3,17.7,30.7,21.3,24.4,9.0,11.6,13.9,18.2,16.4,11.1,1,2,0
France,2011,31210,78.62,15.7,14.2,12.9,15.2,9.8,-6.5,-8.4,19.9,0.6,9.6,15.9,29.6,19.2,23.7,8.8,12.2,13.4,16.1,19.5,13.1,1,2,0
France,2012,31160,78.88,15.6,13.8,13.4,15.0,10.5,-3.6,-7.4,18.5,1.1,9.0,14.4,30.2,15.9,23.5,9.0,11.6,14.3,16.1,22.5,15.2,1,2,0
France,2013,31170,79.14,15.5,13.6,15.2,15.0,12.7,-0.3,-6.2,17.1,0.8,8.2,13.8,30.7,13.5,23.5,9.5,13.0,15.1,16.4,26.5,16.9,1,2,0
France,2014,31320,79.39,15.5,12.8,15.4,14.4,13.3,3.6,-5.4,15.7,0.2,7.6,12.3,30.9,11.1,23.2,10.4,12.2,17.5,15.3,30.1,18.7,1,2,0
France,2015,31540,79.66,15.6,13.1,14.9,14.3,11.8,2.5,-6.5,16.6,0.8,7.7,12.8,30.7,12.4,22.8,8.4,11.9,17.0,15.7,28.5,16.3,1,2,0
France,2016,31770,79.92,15.9,13.5,15.4,14.4,11.5,0.9,-7.4,18.0,1.1,7.9,13.6,31.1,13.2,23.1,7.2,11.2,16.7,16.6,27.0,14.0,1,2,0
France,2017,32360,80.18,16.3,14.1,16.4,14.4,11.1,-0.4,-8.2,19.6,2.0,8.2,14.5,31.6,13.9,23.2,6.2,10.6,16.5,17.5,25.4,11.6,2,2,0
France,2018,32800,80.44,16.7,14.6,17.2,14.5,10.8,-1.8,-9.1,20.8,3.0,8.5,15.4,32.0,14.7,23.5,5.6,9.9,16.2,18.3,23.8,9.6,2,2,0
France,2019,33250,80.71,16.2,13.9,14.9,14.0,9.9,-1.9,-9.6,19.7,2.1,8.2,15.3,31.0,14.1,22.5,5.7,10.5,16.4,19.0,23.4,10.3,2,2,0
France,2020,30550,80.98,15.6,13.3,16.7,13.5,9.7,-2.4,-9.1,19.1,1.1,8.1,14.5,30.7,14.7,22.0,6.0,11.6,15.9,17.3,22.7,8.9,2,2,0
France,2021,32530,81.24,15.4,12.8,16.1,13.1,8.7,-2.8,-9.4,18.7,1.2,7.8,14.3,31.0,13.8,21.8,5.0,11.6,15.9,17.3,22.9,8.0,2,2,0
Germany,2010,31940,76.97,22.3,25.7,12.3,27.4,21.4,4.7,12.7,25.1,3.9,12.9,28.1,30.0,20.5,33.7,12.4,8.5,9.6,24.6,27.5,24.1,1,2,0
Germany,2011,33200,77.16,22.4,25.8,9.8,27.2,21.6,5.5,13.0,24.9,5.0,12.4,28.1,30.1,17.6,32.8,12.9,8.0,10.5,24.4,28.8,25.2,1,2,0
Germany,2012,33280,77.17,22.7,26.0,7.0,26.5,21.5,3.5,15.4,25.8,7.3,11.6,28.1,29.6,17.0,33.6,12.4,8.1,10.5,24.2,26.5,24.1,1,2,0
Germany,2013,33330,77.18,22.1,25.4,4.1,26.2,21.6,4.4,13.8,24.2,5.3,10.7,27.3,29.3,17.1,31.4,14.0,7.8,11.4,23.9,29.0,21.8,1,2,0
Germany,2014,33920,77.19,22.3,25.7,0.4,26.5,21.2,4.9,13.4,24.6,5.6,10.5,26.2,28.7,16.3,31.3,14.9,8.2,12.7,23.3,29.8,23.0,1,2,0
Germany,2015,34130,77.2,21.8,25.1,1.4,25.3,22.9,4.4,12.5,22.6,6.4,9.5,25.0,27.8,14.5,30.4,14.4,8.0,11.8,22.7,31.3,20.4,1,2,0
Germany,2016,34610,77.22,21.1,24.4,2.4,24.7,21.9,5.3,10.5,21.9,5.3,9.0,25.3,26.2,16.7,30.6,13.2,7.9,11.6,23.1,28.0,18.9,1,2,0
Germany,2017,35410,77.26,20.4,23.9,6.4,24.1,21.4,4.2,9.5,22.5,4.3,8.5,25.2,25.0,13.8,29.7,13.0,7.7,10.6,23.3,30.3,17.5,1,2,0
Germany,2018,35650,77.31,20.1,23.4,7.1,23.3,20.8,3.8,10.6,22.3,4.4,8.3,25.0,24.2,16.4,29.4,14.0,6.9,10.1,24.0,29.0,16.4,1,2,0
Germany,2019,35950,77.38,19.2,22.5,9.3,22.8,20.5,3.7,11.2,21.2,4.8,6.8,24.4,24.2,17.1,27.6,14.2,6.8,10.1,24.6,29.2,13.8,1,2,0
Germany,2020,34590,77.45,18.3,21.6,7.7,21.8,19.8,2.4,10.9,20.5,5.5,8.2,23.5,23.3,15.5,27.5,14.0,6.6,10.3,23.8,30.8,13.2,1,2,0
Germany,2021,35480,77.54,17.6,20.9,7.8,21.4,19.5,2.2,11.5,19.7,5.5,7.8,23.4,23.3,15.2,26.6,14.1,6.1,10.0,23.2,29.8,12.5,1,2,0
Hungary,2010,9980,68.91,17.6,15.4,-12.2,26.4,17.4,-1.7,-11.4,15.8,4.5,12.8,24.6,38.6,14.9,14.7,5.0,3.7,20.7,16.1,3.2,14.5,0,2,1
Hungary,2011,10190,69.36,18.0,14.4,-18.2,25.8,17.0,-0.9,-12.4,11.9,-0.7,20.7,27.6,37.2,3.4,14.4,11.1,3.9,17.6,16.4,12.4,5.1,0,2,1
Hungary,2012,10120,69.68,20.1,15.7,-13.9,26.0,18.5,-2.4,-12.8,15.7,-0.3,15.8,28.3,38.7,-1.3,12.7,6.5,-1.7,19.9,16.1,16.6,13.9,0,2,1
Hungary,2013,10330,69.95,18.4,13.9,-26.1,23.2,16.7,2.8,-12.7,14.8,-3.3,15.7,25.5,38.0,3.3,13.9,9.1,-0.8,36.0,16.2,16.9,10.0,0,2,1
Hungary,2014,10790,70.23,15.1,14.1,-9.4,22.6,7.3,-5.4,-17.9,19.8,-2.6,16.9,24.1,36.8,7.3,12.8,8.2,3.6,13.4,15.3,18.3,7.9,1,2,1
Hungary,2015,11220,70.5,14.0,12.6,9.52937293729373,19.9,16.5,-6.7,-18.7,16.6,-4.1,13.8,22.0,23.9,0.6,12.1,7.0,4.2,11.7,16.0,15.9,23.1,1,2,1
Hungary,2016,11500,70.78,14.0,14.0,-22.3,22.0,15.8,1.9,-11.5,20.7,-6.4,18.0,20.6,34.2,10.9,17.1,5.9,13.5,14.2,16.5,21.9,8.1,1,2,1
Hungary,2017,12020,71.06,15.9,16.4,5.1,23.9,19.2,5.4,-3.0,17.7,-2.6,13.7,26.0,38.0,25.3,18.4,10.2,6.0,9.2,9.7,19.4,21.4,1,2,1
Hungary,2018,12690,71.35,14.2,15.1,16.8,22.5,19.1,0.1,-6.8,14.0,-2.4,12.9,21.4,33.4,9.2,21.8,16.1,6.7,9.3,11.7,19.0,18.6,1,2,1
Hungary,2019,13310,71.64,18.2,15.4,2.1,22.9,20.5,10.5,-2.8,16.6,-4.4,11.1,23.7,36.0,7.2,17.0,7.2,4.0,12.0,-4.8,34.2,16.0,1,2,1
Hungary,2020,12730,71.94,17.2,15.2,-0.6,23.0,20.1,2.3,-3.0,16.1,-6.4,13.1,25.4,36.8,12.7,22.6,6.7,2.9,11.9,-6.8,28.6,15.2,1,2,1
Hungary,2021,13690,72.25,17.3,16.2,-1.1,24.0,18.0,0.1,-4.0,16.4,-3.5,11.0,24.9,34.1,5.8,19.9,8.9,1.5,18.5,10.2,27.5,22.4,1,2,1
Italy,2010,26940,68.33,5.3,15.8,-15.2,16.0,8.2,4.0,-0.6,15.5,3.1,12.5,17.9,21.7,25.2,21.1,8.4,9.401162790697674,12.6,28.5,20.4,21.3,0,2,1
Italy,2011,27030,68.44,5.7,15.7,9.52937293729373,16.1,11.511960132890366,2.2112179487179486,-0.6875000000000002,15.7,2.5,10.887301587301588,19.22095238095238,22.2,13.261736334405144,28.1,8.116190476190477,9.401162790697674,11.8,24.7,17.4951768488746,17.11150159744409,0,2,1
Italy,2012,26160,68.68,6.5,17.0,9.52937293729373,17.4,11.511960132890366,2.2112179487179486,-0.6875000000000002,20.663091482649843,5.6,10.887301587301588,19.22095238095238,23.4,13.261736334405144,23.9,8.116190476190477,9.401162790697674,8.0,28.1,17.4951768488746,17.11150159744409,0,2,1
Italy,2013,25620,68.98,7.0,18.9,9.52937293729373,18.9,11.511960132890366,2.2112179487179486,-0.6875000000000002,18.6,6.0,10.887301587301588,19.22095238095238,24.9,13.261736334405144,28.9,8.116190476190477,9.401162790697674,6.1,28.6,17.4951768488746,17.11150159744409,0,2,1
Italy,2014,25620,69.27,6.1,17.6,6.6,17.7,11.0,4.5,9.9,17.3,6.7,8.3,18.9,22.4,27.8,25.6,10.8,13.7,7.6,28.3,61.3,13.3,0,2,1
Italy,2015,25860,69.57,5.5,17.2,9.52937293729373,15.0,11.511960132890366,2.2112179487179486,-0.6875000000000002,16.8,6.9,12.7,17.4,22.0,13.261736334405144,29.1,13.5,9.401162790697674,11.268888888888888,30.1,17.4951768488746,10.9,0,2,1
Italy,2016,26240,69.86,5.3,16.0,9.52937293729373,16.7,11.511960132890366,2.2112179487179486,-0.6875000000000002,16.3,7.1,8.7,18.9,18.1,13.261736334405144,28.9,9.2,9.401162790697674,11.268888888888888,28.1,17.4951768488746,6.4,0,2,1
Italy,2017,26730,70.14,5.0,15.6,9.52937293729373,16.7,11.511960132890366,2.2112179487179486,-0.6875000000000002,15.2,5.7,7.7,18.6,18.3,13.261736334405144,29.1,8.8,9.401162790697674,11.268888888888888,27.6,17.4951768488746,7.9,1,2,1
Italy,2018,27030,70.44,5.5,15.5,2.0,15.2,11.1,4.9,7.1,16.2,9.2,9.0,15.9,23.5,14.1,25.1,9.3,8.6,7.9,22.5,17.4951768488746,11.2,1,2,1
Italy,2019,27230,70.74,4.7,14.7,0.1,14.6,11.3,4.7,7.2,15.4,9.1,8.5,15.8,22.7,12.7,24.9,7.9,9.6,7.9,22.4,58.3,11.6,1,2,1
Italy,2020,24910,71.04,4.2,13.8,-2.6,13.2,11.0,1.3,5.0,16.4,8.2,9.8,14.8,22.9,13.3,26.2,7.0,9.7,7.2,21.4,68.6,10.2,1,2,1
Italy,2021,26780,71.35,5.0,13.1,-5.2,13.1,10.7,0.7,3.2,15.6,6.9,8.5,15.6,23.7,12.7,23.9,4.4,9.5,8.8,21.0,62.1,10.1,1,2,1
Latvia,2010,8550,67.84,15.5,17.0,12.5,18.8,17.7,11.5,2.8,26.3,14.8,23.0,25.0,37.6,7.9,13.3,6.7,-3.4,0.8,11.1,11.3,41.2,0,2,1
Latvia,2011,8940,67.87,14.1,14.4,9.52937293729373,18.0,21.5,14.6,-0.6,21.9,8.4,21.4,20.7,33.5,10.4,9.5,11.7,-4.4,2.2,11.8,12.2,30.2,0,2,1
Latvia,2012,9680,67.9,14.9,14.6,17.8,20.5,21.2,15.3,0.2,23.1,8.1,21.9,16.3,35.2,13.261736334405144,11.8,14.9,-3.7,1.4,16.7,11.2,16.5,0,2,1
Latvia,2013,9980,67.93,16.0,14.8,21.5,20.7,20.6,19.4,0.4,23.5,5.8,14.0,14.0,30.6,15.4,12.7,15.3,-2.2,2.5,21.0,8.9,17.11150159744409,0,2,1
Latvia,2014,10270,67.95,17.3,16.0,21.5,20.4,21.9,15.4,1.3,24.4,5.5,14.9,10.3,34.8,19.4,16.0,14.3,1.4,2.2,22.5,8.3,17.11150159744409,0,2,1
Latvia,2015,10760,67.98,18.4,16.8,18.2,19.8,16.5,14.8,4.4,25.4,6.4,16.7,15.3,30.9,17.5,17.3,11.3,-4.4,6.1,22.3,21.7,11.5,0,2,1
Latvia,2016,11110,68.02,19.7,18.7,28.6,20.4,12.4,16.9,8.1,24.2,11.1,20.3,23.8,28.8,16.8,14.5,16.6,-1.1,5.4,19.6,20.3,9.9,0,2,1
Latvia,2017,11590,68.08,19.8,20.1,30.6,20.7,5.2,18.8,4.2,30.3,10.4,15.6,29.3,34.2,10.2,24.5,14.1,-2.2,3.2,18.0,25.4,10.0,0,2,1
Latvia,2018,12140,68.14,19.6,19.7,12.0,20.6,5.3,13.9,3.9,27.9,11.0,13.9,28.2,33.5,14.1,15.8,23.0,-2.8,14.6,19.3,20.9,10.0,0,2,1
Latvia,2019,12540,68.22,21.2,21.5,20.5,22.8,1.4,16.6,5.1,27.2,13.3,24.7,31.5,32.0,18.4,27.6,26.2,0.1,18.2,21.8,24.5,20.0,0,2,1
Latvia,2020,12340,68.32,22.3,23.1,29.0,25.2,6.5,17.9,12.7,26.5,11.2,27.5,33.4,35.1,19.7,30.5,25.1,-1.0,14.0,22.9,29.3,17.4,0,2,1
Latvia,2021,12970,68.42,14.6,19.0,27.5,21.6,2.1,17.2,5.9,24.6,9.6,16.7,31.1,30.4,18.7,24.1,19.1,-2.2,11.2,19.5,30.4,23.4,0,2,1
Lithuania,2010,9050,66.76,11.9,18.3,1.2,30.4,16.0,10.1,-9.1,18.5,4.9,14.9,25.2,44.3,13.3,15.6,14.1,7.6,-1.7,21.1,12.4,34.9,0,2,1
Lithuania,2011,9820,66.74,11.5,16.9,2.5,27.1,10.3,13.4,0.7,19.2,-1.6,14.6,25.7,40.8,15.7,15.3,10.7,6.4,-1.7,24.8,15.1,22.2,0,2,1
Lithuania,2012,10330,66.86,11.9,17.0,3.9,26.9,10.6,14.6,-0.7,20.0,-2.7,11.8,26.4,40.0,15.3,14.6,12.4,4.9,-0.4,28.6,13.4,23.5,0,2,1
Lithuania,2013,10810,66.99,12.2,16.8,6.0,26.2,9.9,15.1,-1.2,22.0,-3.9,9.3,27.8,39.9,15.2,19.8,12.5,4.1,-0.1,28.3,12.3,18.1,0,2,1
Lithuania,2014,11290,67.11,13.3,17.5,4.2,25.8,10.0,16.4,2.2,22.6,-4.2,12.1,28.8,39.9,15.0,17.4,13.5,3.2,3.1,31.6,11.6,20.0,0,2,1
Lithuania,2015,11620,67.23,14.2,18.4,5.7,26.2,10.0,15.8,3.4,24.8,-7.4,14.6,30.0,37.2,14.5,18.3,13.2,2.4,2.3,33.9,13.2,18.0,0,2,1
Lithuania,2016,12070,67.37,14.4,18.6,6.6,25.9,10.6,14.7,2.5,26.0,-7.6,14.7,31.0,35.7,13.9,17.8,12.5,4.3,2.5,28.7,13.5,14.8,0,2,1
Lithuania,2017,12760,67.52,15.2,16.5,7.2,24.1,10.6,14.9,1.5,23.3,-10.1,13.3,29.8,34.2,12.9,19.4,10.6,5.2,0.5,26.7,12.2,9.0,0,2,1
Lithuania,2018,13400,67.68,14.0,16.2,6.9,24.6,9.2,12.1,-1.5,23.9,-12.6,16.7,29.9,32.1,13.9,21.5,9.1,5.1,1.4,25.2,14.4,7.8,0,2,1
Lithuania,2019,14060,67.86,13.3,15.0,3.4,24.6,9.1,11.6,-2.9,23.0,-10.7,13.9,30.2,36.3,14.3,17.2,14.7,4.2,2.6,26.8,12.1,14.8,0,2,1
Lithuania,2020,14050,68.05,13.0,15.9,3.6,24.1,8.8,10.9,-1.8,23.5,-3.5,13.7,28.8,33.8,12.0,15.9,10.8,4.6,2.5,27.1,10.9,12.5,0,2,1
Lithuania,2021,14820,68.25,12.0,14.8,4.2,24.0,7.4,10.6,-1.7,22.6,-5.8,15.0,29.3,34.3,9.3,17.7,8.4,3.2,2.8,27.5,10.1,9.7,0,2,1
Malta,2010,16440,94.07,7.2,15.5,26.8,14.9,6.8,-3.1,7.3,29.9,10.4,16.6,11.0,30.6,44.8,8.4,8.4,9.401162790697674,-3.0,12.4,27.0,9.8,2,2,1
Malta,2011,16450,94.14,7.7,15.3,26.4,16.7,13.9,-0.3,0.8,27.6,8.6,14.6,12.2,29.1,24.9,9.7,13.6,9.401162790697674,-0.6,13.7,21.2,3.4,2,2,1
Malta,2012,16970,94.21,9.5,15.3,8.9,17.6,15.6,2.5,-2.0,24.6,9.4,14.1,15.3,28.1,19.7,13.7,13.4,9.401162790697674,4.9,15.4,19.6,2.4,2,2,1
Malta,2013,17650,94.28,9.7,14.6,2.9,18.6,11.4,5.3,-3.6,22.0,8.3,13.4,17.1,28.1,18.9,17.6,14.0,9.401162790697674,9.8,16.7,17.8,1.0,2,2,1
Malta,2014,18610,94.35,10.6,14.2,-9.7,18.8,11.511960132890366,11.6,-6.7,18.7,8.3,12.8,18.6,27.3,14.2,21.6,16.4,9.401162790697674,13.8,17.8,15.5,-1.4,2,2,1
Malta,2015,19920,94.41,10.7,15.0,-7.6,21.2,11.511960132890366,15.9,-3.6,18.7,8.2,13.2,18.5,30.0,23.1,25.0,14.2,9.401162790697674,11.5,18.5,20.1,9.2,2,2,1
Malta,2016,20130,94.48,11.6,15.3,1.2,22.6,11.511960132890366,15.8,1.7,17.5,9.5,15.4,17.0,29.9,28.1,27.4,13.6,9.401162790697674,12.1,18.9,18.0,14.8,2,2,1
Malta,2017,21700,94.55,13.2,16.2,1.7,22.8,11.511960132890366,18.7,-7.0,17.7,12.6,12.3,18.6,27.5,18.7,25.9,12.0,9.401162790697674,11.7,18.8,12.2,22.3,2,2,1
Malta,2018,22250,94.61,13.0,16.0,28.9,23.3,11.9,19.6,4.0,16.3,11.1,9.7,15.5,26.5,23.7,25.7,16.9,-5.5,12.3,21.2,10.7,32.6,2,2,1
Malta,2019,22890,94.68,11.6,14.8,26.3,23.6,11.511960132890366,19.9,4.3,15.0,10.1,9.6,15.0,25.3,23.1,24.2,16.3,9.401162790697674,11.3,19.4,9.9,31.5,2,2,1
Malta,2020,20470,94.74,10.0,13.7,21.5,23.8,11.511960132890366,20.2,3.2,16.1,8.7,7.7,15.5,24.3,29.7,22.2,15.7,9.401162790697674,8.5,20.3,10.0,34.1,2,2,1
Malta,2021,22760,94.81,10.5,14.2,19.6,23.9,11.511960132890366,20.9,2.2,16.2,11.1,8.4,15.8,24.1,25.6,23.0,15.2,9.401162790697674,8.8,20.8,9.9,32.0,2,2,1
Netherlands,2010,38470,87.13,17.8,17.7,27.5,18.6,49.2,15.8,17.1,17.2,18.2,20.2,17.4,23.9,11.6,17.4,15.1,13.7,21.2,16.5,18.8,27.6,2,2,0
Netherlands,2011,38880,87.88,18.8,23.9,29.7,22.2,23.8,4.6,16.3,27.6,14.2,12.5,18.8,30.7,20.5,27.1,11.6,8.2,13.8,24.3,22.4,17.7,2,2,0
Netherlands,2012,38340,88.59,18.0,23.8,35.8,22.3,22.7,4.6,16.2,26.1,14.7,10.7,17.4,30.2,20.2,26.6,12.2,7.0,13.4,23.3,19.8,16.8,2,2,0
Netherlands,2013,38180,89.19,17.2,24.0,34.4,22.5,22.8,7.2,16.1,25.3,15.6,9.5,15.9,29.8,20.4,26.3,12.8,4.9,13.6,22.1,19.0,17.8,2,2,0
Netherlands,2014,38580,89.69,17.0,24.7,39.7,23.6,22.8,7.8,16.7,24.6,16.8,7.3,16.1,30.1,20.8,26.5,11.9,3.7,13.4,21.0,17.6,18.0,2,2,0
Netherlands,2015,39170,90.17,16.1,22.4,19.3,19.8,18.0,5.6,13.9,25.8,11.9,11.8,18.5,29.8,17.6,24.2,10.4,3.6,11.3,21.5,19.2,17.2,2,2,0
Netherlands,2016,39810,90.64,15.6,22.9,18.7,19.2,17.5,7.8,13.4,26.1,10.7,10.4,17.9,30.1,17.8,23.7,9.9,3.2,11.3,20.4,16.6,16.1,2,2,0
Netherlands,2017,40730,91.08,15.1,23.1,15.4,19.7,15.2,10.7,13.1,25.4,12.0,9.2,17.8,30.1,18.5,23.3,9.7,2.1,10.2,19.6,14.7,14.2,2,2,0
Netherlands,2018,41450,91.49,14.7,23.3,15.5,19.7,15.0,12.9,13.5,24.7,14.2,8.0,17.2,29.2,18.5,22.7,9.7,2.6,9.4,18.6,12.8,13.1,2,2,0
Netherlands,2019,41980,91.88,14.6,20.4,15.0,17.1,11.3,-1.4,9.2,24.8,10.8,11.1,16.1,25.8,16.6,20.6,8.9,0.5,8.2,19.5,20.3,13.9,2,2,0
Netherlands,2020,40130,92.24,14.2,19.9,17.4,17.1,10.6,-1.3,8.6,24.5,9.9,10.9,15.7,25.1,16.1,20.2,8.8,1.1,7.0,19.4,20.2,12.8,2,2,0
Netherlands,2021,41860,92.57,13.5,19.3,15.7,16.1,10.2,-0.8,8.4,23.9,10.0,11.9,15.6,24.1,15.5,19.4,8.3,1.0,6.2,18.9,20.6,12.0,2,2,0
Norway,2010,66580,79.1,16.1,19.7,12.8,13.6,11.4,-0.5,3.7,18.9,12.1,9.5,16.8,31.4,18.0,22.8,9.9,20.9,8.8,12.7,11.6,20.0,1,2,0
Norway,2011,66440,79.46,15.7,18.4,10.2,12.9,9.8,0.8,2.0,18.0,11.5,8.8,17.2,31.8,15.9,22.0,8.8,18.0,8.6,12.5,11.0,20.7,1,2,0
Norway,2012,67350,79.87,14.7,17.3,9.4,13.2,9.1,-2.7,0.9,18.0,10.5,8.6,16.0,29.9,16.5,21.5,7.5,16.7,7.8,11.7,13.1,20.3,1,2,0
Norway,2013,67220,80.29,15.5,17.3,8.5,12.2,7.7,0.5,1.1,17.7,12.3,7.9,14.7,29.8,13.0,21.6,8.3,16.5,8.7,11.6,13.5,21.3,2,2,0
Norway,2014,67830,80.69,14.5,17.3,11.2,12.0,9.0,-2.9,1.6,17.2,10.7,8.2,15.3,29.9,17.7,20.0,8.6,9.401162790697674,7.7,10.7,11.5,21.2,2,2,0
Norway,2015,68390,81.09,16.0,18.1,12.5,12.3,11.2,-3.2,-5.8,18.0,11.1,9.7,14.0,31.0,18.8,21.5,8.3,14.7,8.8,9.9,8.8,15.2,2,2,0
Norway,2016,68580,81.49,14.5,16.7,9.7,11.6,11.8,-3.9,-8.6,18.0,10.3,9.3,11.4,29.7,18.3,20.2,6.6,15.0,9.5,9.1,10.2,16.5,2,2,0
Norway,2017,69720,81.87,13.7,15.6,8.0,10.6,12.0,-2.6,-11.2,17.8,9.6,9.7,9.0,29.4,15.4,19.5,5.3,15.5,10.1,9.9,11.1,18.8,2,2,0
Norway,2018,69840,82.25,13.2,14.5,6.5,9.7,10.6,-4.2,-14.3,17.3,8.9,8.6,7.3,28.6,15.3,18.3,5.7,15.8,10.4,9.8,11.9,21.2,2,2,0
Norway,2019,70150,82.62,13.2,16.2,5.3,10.6,8.8,-5.1,-0.6,17.6,9.3,6.9,14.5,27.1,20.7,18.0,9.0,11.8,5.7,8.0,7.7,11.4,2,2,0
Norway,2020,68850,82.97,13.4,15.7,5.9,9.9,8.5,-4.6,0.0,17.8,7.8,7.3,13.5,25.7,13.8,17.5,10.9,11.9,5.5,8.3,7.2,10.9,2,2,0
Norway,2021,71150,83.32,14.3,17.4,8.8,11.9,9.3,-2.1,1.8,18.5,9.8,7.9,13.7,25.8,23.1,18.9,12.0,13.9,5.1,8.7,7.2,10.1,2,2,0
Poland,2010,9320,60.89,4.5,16.1,20.0,20.9,9.4,1.6,-10.3,26.7,-3.7,27.7,24.5,38.5,12.2,17.4,-0.2,16.8,1.0,17.8,11.9,18.4,0,2,1
Poland,2011,9790,60.78,5.5,15.9,20.9,21.2,8.3,1.2,-10.3,25.6,-3.8,19.5,23.5,37.7,13.1,18.3,1.1,17.2,1.3,19.2,10.1,24.5,0,2,1
Poland,2012,9940,60.65,6.4,15.6,21.8,21.4,7.2,0.7,-10.3,24.4,-3.9,11.2,22.4,36.9,13.9,19.2,2.3,17.6,1.6,20.6,8.3,30.6,0,2,1
Poland,2013,10030,60.53,7.1,16.7,21.7,21.2,4.5,0.2,-10.8,26.6,-3.3,11.6,24.0,36.8,14.2,19.2,0.8,16.8,3.4,19.0,9.0,30.4,0,2,1
Poland,2014,10420,60.4,7.7,17.7,21.5,20.9,1.7,-0.4,-11.4,28.8,-2.8,11.9,25.5,36.7,14.5,19.2,-0.8,16.0,5.1,17.4,9.7,30.2,0,2,1
Poland,2015,10890,60.28,7.3,16.4,18.6,20.6,3.8,-2.5,-13.3,27.5,-3.5,12.0,25.6,33.6,11.2,16.9,0.5,15.7,5.0,15.6,10.4,31.6,0,2,1
Poland,2016,11220,60.18,7.1,14.9,15.8,20.3,5.7,-4.5,-15.3,26.2,-4.2,12.0,25.6,30.4,7.9,14.6,1.7,15.3,5.0,13.8,11.1,32.8,0,2,1
Poland,2017,11800,60.11,7.0,14.7,15.6,20.0,6.3,-4.6,-15.5,25.8,-4.4,12.0,25.5,30.4,8.1,14.5,1.7,15.5,5.1,13.9,11.3,33.0,0,2,1
Poland,2018,12500,60.06,8.5,15.4,20.0,18.4,5.1,-0.4,-8.7,24.4,-5.6,9.7,28.2,30.8,7.6,19.2,0.6,15.1,5.2,12.7,8.3,28.9,0,2,1
Poland,2019,13070,60.04,6.5,13.9,17.9,17.5,4.2,-0.8,-9.2,23.4,-5.5,8.4,27.6,30.6,6.9,18.8,0.3,14.3,5.3,13.5,7.5,26.3,0,2,1
Poland,2020,12810,60.04,4.5,12.4,15.8,16.6,3.3,-1.2,-9.6,22.4,-5.3,7.0,27.0,30.4,6.2,18.4,0.0,13.4,5.4,14.4,6.8,23.7,0,2,1
Poland,2021,13760,60.08,4.5,12.4,15.8,16.6,3.3,-1.2,-9.6,22.4,-5.3,7.0,27.0,30.4,6.2,18.4,0.0,13.4,5.4,14.4,6.8,23.7,0,2,1
Portugal,2010,16990,60.57,12.8,22.8,-12.3,33.4,13.8,-5.0,-20.2,23.7,-18.0,29.7,13.2,25.9,35.7,12.7,22.0,9.401162790697674,12.4,35.9,57.7,21.6,0,2,1
Portugal,2011,16720,61.17,12.9,20.3,-15.3,28.8,2.0,-12.1,-12.3,20.5,-17.7,21.6,14.5,25.8,36.8,23.4,21.8,9.401162790697674,11.1,30.0,52.6,20.8,0,2,1
Portugal,2012,16110,61.76,15.0,21.7,-18.7,31.0,1.9,-5.8,-9.3,20.2,-20.2,20.1,12.4,22.9,27.0,23.1,23.8,9.401162790697674,11.1,28.5,40.5,28.8,0,2,1
Portugal,2013,16050,62.35,13.3,21.3,-21.8,30.0,3.0,-6.6,-11.1,20.2,-23.9,19.0,10.8,22.1,17.9,17.5,25.9,9.401162790697674,10.7,27.7,29.5,29.0,0,2,1
Portugal,2014,16260,62.94,14.9,22.5,-26.6,30.6,0.6,-7.9,-5.4,20.6,-22.0,17.7,10.0,21.6,16.2,16.3,27.7,9.401162790697674,10.3,26.2,26.3,30.8,0,2,1
Portugal,2015,16620,63.51,16.0,20.7,-17.6,29.9,5.2,-15.1,-7.3,21.4,-18.7,18.1,11.0,22.8,14.4,19.6,22.1,9.401162790697674,12.2,27.8,41.8,29.0,0,2,1
Portugal,2016,17010,64.09,13.9,19.2,-16.2,27.6,7.9,-21.5,-6.7,21.0,-18.7,17.5,11.1,21.8,11.3,19.6,19.1,9.401162790697674,13.9,27.0,40.8,30.1,0,2,1
Portugal,2017,17650,64.65,10.8,17.1,-8.9,25.4,3.7,-27.5,-9.2,17.4,-19.5,15.8,11.5,20.7,7.1,19.0,11.3,9.401162790697674,15.8,26.5,40.6,30.1,0,2,1
Portugal,2018,18190,65.21,8.9,15.6,-4.7,23.3,0.4,-33.2,-10.3,17.7,-19.0,16.1,11.7,19.9,2.3,18.7,8.1,9.401162790697674,18.0,25.7,38.2,31.0,0,2,1
Portugal,2019,18670,65.76,10.9,15.1,-11.8,23.0,3.4,-14.2,-8.7,15.0,-6.6,13.6,14.3,20.7,19.3,16.2,8.6,9.401162790697674,17.9,28.6,53.3,17.6,0,2,1
Portugal,2020,17100,66.31,11.4,15.1,-11.5,23.4,3.3,-13.6,-10.6,15.4,-7.6,15.4,15.3,21.0,17.1,15.4,11.2,9.401162790697674,17.4,28.5,57.3,20.5,0,2,1
Portugal,2021,18060,66.85,11.9,15.0,-8.4,22.1,2.9,-11.5,-8.4,15.5,-6.8,14.0,17.1,22.3,20.1,15.8,11.6,9.401162790697674,17.4,28.0,54.3,22.9,0,2,1
Romania,2010,6340,53.83,8.8,6.9,-13.9,22.6,1.3,-5.3,-20.1,12.3,1.9,7.0,9.8,17.8,11.3,-0.2,-21.3,-0.2,11.5,8.6,6.2,29.0,0,2,1
Romania,2011,6650,53.96,9.6,7.7,-11.2,21.8,0.5,-0.5,-20.1,10.1,3.2,5.5,12.2,21.9,18.5,2.3,-26.0,2.0,10.4,9.1,7.2,24.7,0,2,1
Romania,2012,6810,53.97,6.9,5.7,-12.2,21.6,-1.8,-2.6,-20.8,10.5,-3.6,5.4,13.3,17.7,8.3,-1.0,-32.5,0.2,7.9,6.6,9.2,22.3,0,2,1
Romania,2013,6860,53.94,4.9,5.5,-9.7,20.5,-2.0,-11.3,-24.8,7.0,-5.1,3.6,17.5,21.7,3.3,1.3,-31.9,0.2,7.3,9.3,7.3,17.0,0,2,1
Romania,2014,7160,53.9,4.5,5.4,-9.5,19.6,0.8,-5.0,-26.1,9.0,-8.9,4.1,16.6,20.9,0.6,1.1,-30.3,-1.1,3.3,8.9,4.6,13.1,0,2,1
Romania,2015,7420,53.89,5.6,6.6,-10.7,18.5,2.8,-1.8,-24.7,12.7,-9.5,5.8,20.4,24.6,4.8,1.2,-27.5,-0.1,1.6,8.2,14.9,17.1,0,2,1
Romania,2016,7680,53.9,4.8,7.4,-12.9,19.9,3.6,-0.4,-21.6,12.9,-7.7,5.7,19.4,30.1,9.8,-0.1,-27.1,-1.0,8.6,10.2,17.0,20.0,0,2,1
Romania,2017,8360,53.94,2.9,7.9,-7.6,20.1,5.1,2.4,-22.5,10.8,-4.6,6.6,20.2,29.5,10.3,3.7,-23.1,1.3,7.7,12.7,15.3,20.7,0,2,1
Romania,2018,8910,54.0,2.2,10.6,-2.9,22.1,9.9,1.2,-19.8,14.1,-4.5,7.6,22.7,32.6,1.4,5.1,-21.2,2.3,5.6,12.6,15.8,22.7,0,2,1
Romania,2019,9300,54.08,3.3,11.6,-15.5,22.8,8.5,3.1,-10.3,12.8,-4.7,9.3,26.2,32.4,0.0,3.3,-20.3,1.2,6.1,13.3,14.7,21.9,0,2,1
Romania,2020,9020,54.19,2.4,10.1,-19.3,20.8,1.6,2.0,-15.9,13.6,0.7,5.4,21.2,30.0,1.5,-1.8,-22.8,2.9,8.4,9.9,9.0,17.0,0,2,1
Romania,2021,9610,54.33,3.6,10.4,-15.1,20.8,2.1,2.5,-15.3,16.7,1.1,3.6,18.9,32.3,3.8,-0.2,-22.5,4.2,7.5,10.1,8.4,19.0,0,2,1
Slovakia,2010,12660,54.69,19.6,20.2,5.1,27.4,15.9,-9.1,4.6,28.0,2.4,11.3,27.3,37.1,18.5,12.7,6.2,23.2,14.5,23.8,7.7,-2.8,0,2,1
Slovakia,2011,13080,54.42,20.1,19.4,-10.3,27.9,9.4,-2.4,1.5,26.4,1.4,0.4,28.3,37.6,25.4,11.4,7.8,18.9,15.6,24.2,14.3,8.0,0,2,1
Slovakia,2012,13230,54.28,20.8,21.6,-8.2,27.4,10.5,-1.5,8.8,27.8,5.3,13.7,27.0,35.1,21.3,18.4,9.2,20.9,15.4,24.2,13.7,4.0,0,2,1
Slovakia,2013,13300,54.14,18.8,20.0,10.0,27.7,12.8,-3.3,5.1,25.9,3.9,12.4,27.9,35.3,36.4,13.0,8.8,18.1,13.9,22.8,16.3,-11.9,0,2,1
Slovakia,2014,13640,54.0,19.7,20.8,13.0,27.4,11.9,-6.5,8.2,25.5,4.9,14.9,28.5,35.4,21.8,19.0,10.0,21.4,13.0,24.6,16.1,-1.8,0,2,1
Slovakia,2015,14340,53.89,19.7,20.1,14.1,26.6,7.9,-7.6,4.8,29.3,5.3,13.6,27.1,38.0,23.3,14.6,9.6,22.9,14.6,26.0,21.2,-7.5,0,2,1
Slovakia,2016,14590,53.81,19.2,20.0,17.6,26.1,10.0,-4.6,3.8,28.6,3.5,11.6,26.3,36.2,26.4,15.8,8.6,19.8,14.8,23.8,19.3,-10.8,0,2,1
Slovakia,2017,15000,53.75,20.1,21.0,20.6,25.8,10.8,-2.1,6.8,31.1,7.2,13.3,27.5,34.9,24.0,16.7,7.8,23.3,13.7,26.5,22.6,-8.0,0,2,1
Slovakia,2018,15580,53.73,19.8,20.0,21.5,25.2,14.9,2.2,11.0,26.7,8.1,12.1,25.6,33.9,19.1,16.4,4.9,19.0,11.8,26.8,21.0,-9.4,0,2,1
Slovakia,2019,15960,53.73,18.4,19.0,18.2,25.4,12.0,-1.0,8.0,25.9,8.9,9.8,27.7,31.4,17.0,13.1,0.9,19.4,11.6,26.1,11.8,-4.0,0,2,1
Slovakia,2020,15400,53.76,15.8,18.1,15.6,24.7,9.8,-2.8,8.0,25.1,8.2,11.1,27.3,31.0,16.3,12.9,1.7,20.0,12.2,24.6,9.6,-6.7,0,2,1
Slovakia,2021,15920,53.82,16.6,18.4,15.0,25.0,10.3,-4.3,2.7,24.6,7.5,10.5,26.6,30.8,16.5,11.3,2.3,18.0,12.7,22.2,11.7,-8.5,0,2,1
Slovenia,2010,17750,52.66,0.9,6.9,16.5,12.9,5.6,-16.3,-24.8,11.3,-15.2,13.9,14.6,22.8,8.9,13.9,12.7,5.5,9.7,19.0,20.1,36.8,0,2,1
Slovenia,2011,17870,52.88,3.3,8.1,16.5,13.6,1.0,-15.6,-21.4,13.1,-20.0,11.1,14.0,22.2,7.3,11.0,11.0,5.0,10.7,18.9,19.6,32.5,0,2,1
Slovenia,2012,17360,53.11,4.5,7.9,17.0,13.4,3.3,-12.6,-21.9,13.5,-21.9,10.0,14.3,21.7,1.1,5.9,8.6,4.9,11.1,19.7,17.0,32.0,0,2,1
Slovenia,2013,17160,53.33,6.3,8.5,14.3,13.9,-0.8,-8.3,-20.6,14.2,-17.9,8.3,14.2,22.5,-5.6,1.8,7.4,3.5,12.3,19.9,16.2,31.6,0,2,1
Slovenia,2014,17620,53.56,7.0,8.5,13.0,13.9,-0.3,-11.6,-21.0,15.9,-17.3,7.6,15.0,23.7,-4.5,-0.7,6.4,4.1,13.4,21.8,16.6,28.3,0,2,1
Slovenia,2015,17990,53.78,8.2,9.1,14.8,14.2,-0.3,-13.0,-22.7,17.5,-18.1,8.2,16.7,23.3,-2.8,1.0,8.8,4.1,14.2,20.3,13.5,24.0,0,2,1
Slovenia,2016,18550,54.02,8.1,9.5,13.6,14.5,1.4,-17.5,-26.0,19.2,-20.2,7.8,16.9,22.5,-3.2,3.4,11.1,7.5,14.2,18.9,12.0,18.8,0,2,1
Slovenia,2017,19440,54.27,8.4,10.2,12.9,14.7,-1.2,-20.0,-26.3,20.8,-20.3,7.8,18.3,23.9,-0.3,7.1,13.7,8.3,15.5,17.8,8.2,12.8,0,2,1
Slovenia,2018,20240,54.54,9.3,11.0,14.6,15.2,2.1,-21.3,-27.0,22.4,-20.5,7.3,19.3,24.3,4.9,10.4,14.4,10.4,15.5,17.2,7.1,6.5,0,2,1
Slovenia,2019,20770,54.82,7.9,9.9,14.7,14.0,1.6,-24.2,-27.0,21.5,-22.0,7.2,19.5,24.0,3.3,12.2,14.4,13.1,15.6,16.6,5.5,3.7,0,2,1
Slovenia,2020,19740,55.12,3.1,7.4,12.1,10.9,0.6,-24.6,-27.1,19.2,-25.1,5.5,19.5,24.2,0.8,10.3,13.6,16.3,14.9,16.0,2.7,-1.4,0,2,1
Slovenia,2021,21310,55.43,3.8,9.2,8.2,11.7,-2.0,-19.0,-22.5,20.2,-16.4,3.3,19.0,24.0,-3.3,12.8,13.9,18.3,11.4,15.2,1.9,-4.0,0,2,1
Spain,2010,23040,78.44,16.2,22.4,12.2,22.3,14.0,17.5,3.0,23.5,11.1,18.0,14.7,22.5,22.6,22.2,16.4,10.1,10.5,24.2,22.2,20.0,1,2,1
Spain,2011,22770,78.67,17.6,23.6,14.4,24.2,8.8,17.7,4.5,26.5,11.0,16.0,16.0,22.8,21.9,23.1,16.4,12.5,12.8,23.5,17.8,22.5,1,2,1
Spain,2012,22080,78.9,18.7,23.9,15.0,23.6,13.2,16.4,4.5,25.9,11.3,18.1,16.9,21.9,19.4,23.6,15.0,10.5,11.3,25.9,14.7,19.5,1,2,1
Spain,2013,21850,79.13,17.8,23.4,10.8,22.4,15.2,15.5,5.0,25.6,12.0,15.2,16.6,22.6,21.4,20.5,14.6,12.1,9.5,24.9,11.3,15.8,1,2,1
Spain,2014,22220,79.37,14.9,19.9,-9.8,19.1,17.3,13.5,-3.5,21.8,12.0,12.1,13.7,18.1,18.0,19.8,14.6,6.6,7.9,22.0,17.2,12.5,1,2,1
Spain,2015,23090,79.6,14.1,19.9,-12.6,19.0,15.8,14.2,2.3,21.0,7.9,12.5,12.8,17.6,21.3,19.4,16.7,5.1,5.9,22.7,15.5,17.5,1,2,1
Spain,2016,23780,79.84,14.8,19.9,-4.7,18.1,12.2,12.4,-0.7,22.1,7.7,13.5,12.5,19.0,20.3,20.4,16.3,6.9,9.2,24.6,11.2,14.4,1,2,1
Spain,2017,24440,80.08,13.5,18.2,-8.3,16.6,15.9,12.3,-2.1,19.9,8.4,8.3,11.0,16.1,10.8,22.3,15.3,6.2,9.7,23.5,9.4,16.3,2,2,1
Spain,2018,24890,80.32,11.9,16.9,-16.1,17.0,15.1,10.5,-8.3,19.8,5.8,7.5,12.0,15.0,14.9,18.7,16.9,6.3,9.6,22.3,10.8,11.8,2,2,1
Spain,2019,25180,80.57,9.4,15.0,-20.3,14.7,12.7,8.0,-6.1,15.7,2.1,6.8,8.6,13.2,13.8,20.5,12.0,1.5,11.8,21.4,7.2,13.6,2,2,1
Spain,2020,22210,80.81,8.9,14.7,-22.9,13.8,15.1,7.8,-6.4,15.9,-2.4,5.5,7.5,13.8,14.9,20.1,14.6,3.2,12.0,23.1,7.3,10.8,2,2,1
Spain,2021,23450,81.06,8.9,14.7,-22.9,13.8,15.1,7.8,-6.4,15.9,-2.4,5.5,7.5,13.8,14.9,20.1,14.6,3.2,12.0,23.1,7.3,10.8,2,2,1
Sweden,2010,39950,85.06,15.4,12.9,5.5,8.9,10.3,2.8,1.9,14.2,4.7,8.9,14.0,32.3,11.6,18.3,8.8,10.1,11.2,13.3,11.1,13.7,2,2,0
Sweden,2011,40920,85.3,15.6,12.5,5.3,7.9,9.7,0.6,2.8,14.4,3.6,8.1,15.0,31.4,9.2,17.3,7.1,8.1,11.7,14.6,10.6,13.0,2,2,0
Sweden,2012,40380,85.62,15.5,12.1,8.1,7.8,8.0,-0.7,4.3,12.6,2.8,7.6,13.8,30.0,10.2,18.9,7.0,6.8,11.3,13.7,11.0,10.9,2,2,0
Sweden,2013,40510,85.94,14.6,11.2,6.4,7.3,8.0,-0.5,1.1,12.1,3.2,5.8,12.9,28.9,10.0,15.9,6.2,5.4,10.7,12.2,11.7,10.6,2,2,0
Sweden,2014,41180,86.25,13.8,10.4,7.6,6.9,8.8,0.6,-2.2,11.9,1.4,6.3,11.3,27.7,9.9,15.7,6.9,3.7,10.7,10.5,10.5,9.6,2,2,0
Sweden,2015,42580,86.55,14.0,10.7,5.3,5.1,9.1,-14.0,3.4,14.7,-7.0,6.2,10.6,26.0,6.6,16.9,5.5,7.2,10.2,11.8,7.8,8.3,2,2,0
Sweden,2016,42920,86.85,13.3,10.6,6.1,4.3,8.2,-12.0,5.5,14.2,1.4,6.9,11.6,26.3,6.4,14.0,5.6,7.3,8.8,9.1,7.7,7.0,2,2,0
Sweden,2017,43430,87.15,12.5,10.1,8.7,4.5,9.7,-4.0,2.8,13.9,1.3,6.9,10.1,24.5,6.5,12.2,3.7,7.1,8.5,9.3,9.0,5.6,2,2,0
Sweden,2018,43760,87.43,12.1,9.4,8.4,4.1,9.5,-16.0,0.1,13.4,0.5,5.8,8.4,24.2,4.2,12.5,1.4,7.6,8.7,8.3,8.3,7.3,2,2,0
Sweden,2019,44180,87.71,11.8,8.7,2.7,3.3,5.8,-4.9,-2.9,12.5,-1.7,3.1,8.7,25.4,6.5,11.2,2.2,4.7,8.1,8.1,7.8,7.4,2,2,0
Sweden,2020,42910,87.98,11.2,7.9,2.5,1.7,5.2,-5.6,-3.5,12.1,-1.9,5.5,9.1,25.0,5.2,12.4,1.5,4.7,8.5,7.4,7.7,7.5,2,2,0
Sweden,2021,44950,88.24,11.2,8.6,2.9,2.1,3.9,-5.7,0.3,12.1,-2.4,7.5,10.5,23.2,4.6,12.5,3.1,3.9,7.6,7.3,7.2,6.6,2,2,0
Switzerland,2010,57730,73.61,17.8,23.0,5.2,19.8,15.8,8.4,8.9,27.3,13.7,8.4,24.2,32.0,22.5,24.0,21.6,17.2,12.5,19.1,14.4,22.7,1,2,0
Switzerland,2011,58220,73.63,17.6,20.6,10.4,18.4,12.7,8.5,8.7,23.4,13.1,8.9,21.3,31.5,20.9,23.4,17.4,17.9,8.1,18.2,15.6,20.5,1,2,0
Switzerland,2012,58290,73.65,17.4,20.3,9.6,18.2,11.9,7.7,8.6,23.1,13.4,8.0,21.0,31.1,20.7,23.3,17.3,18.3,8.0,18.1,15.4,20.2,1,2,0
Switzerland,2013,58650,73.67,17.6,20.3,9.0,18.3,11.3,7.1,8.4,22.9,13.1,8.7,21.7,31.1,20.9,23.3,17.6,17.9,8.0,18.4,15.3,20.2,1,2,0
Switzerland,2014,59300,73.7,17.4,19.9,8.2,18.0,10.5,6.3,7.7,22.3,12.8,8.1,21.6,31.0,20.6,22.6,17.4,17.9,7.9,18.7,14.5,19.4,1,2,0
Switzerland,2015,59600,73.72,17.9,20.0,9.3,17.7,11.6,7.5,5.9,21.7,12.5,7.6,22.8,31.8,20.9,24.9,17.0,18.7,9.7,19.4,13.5,21.4,1,2,0
Switzerland,2016,60170,73.74,17.4,19.6,8.3,17.3,11.2,4.3,7.1,22.4,13.2,7.3,22.0,31.1,21.4,23.3,18.0,16.8,9.3,17.4,15.2,17.2,1,2,0
Switzerland,2017,60420,73.76,17.6,19.6,8.1,17.1,11.4,3.1,7.3,22.8,13.1,6.8,22.3,31.1,22.1,23.5,18.2,16.4,10.6,17.1,15.4,15.8,1,2,0
Switzerland,2018,61690,73.8,18.6,20.3,9.4,17.3,12.8,4.5,7.9,23.1,11.9,6.4,24.6,33.1,22.6,25.7,18.2,17.8,13.3,18.1,14.4,18.0,1,2,0
Switzerland,2019,61950,73.85,18.6,20.2,9.3,16.4,12.7,4.4,7.3,22.5,12.7,6.5,24.6,33.1,22.6,26.5,18.1,17.8,13.3,17.1,16.1,19.6,1,2,0
Switzerland,2020,60040,73.92,18.4,20.1,7.5,16.9,11.0,2.5,7.9,21.9,11.6,6.9,22.1,33.6,22.6,27.2,17.9,18.2,13.3,18.8,11.8,15.5,1,2,0
Switzerland,2021,62100,74.0,17.7,19.4,8.0,16.1,11.5,3.1,8.1,21.8,11.2,6.3,21.8,31.5,21.4,26.0,17.7,15.3,12.0,17.4,12.9,16.6,1,2,0
